ts_code,exchange,chairman
603026.SH,SSE,郭天明
603999.SH,SSE,刘永升
601188.SH,SSE,王庆波
601518.SH,SSE,郝晶祥
603655.SH,SSE,王曙光
603339.SH,SSE,黄杰
603596.SH,SSE,袁永彬
605189.SH,SSE,何培富
603696.SH,SSE,林肖芳
603978.SH,SSE,陈学敏
603377.SH,SSE,徐雄
603628.SH,SSE,HONG DANIEL
605183.SH,SSE,阙伟东
600905.SH,SSE,王武斌
601928.SH,SSE,孙真福
688398.SH,SSE,汪坤明
603779.SH,SSE,黄祖超
605398.SH,SSE,孙正暘
688536.SH,SSE,周之栩
605058.SH,SSE,陈定红
688561.SH,SSE,齐向东
688306.SH,SSE,周兴宥
603721.SH,SSE,曾雄
688215.SH,SSE,袁峰
603165.SH,SSE,冯荣华
603800.SH,SSE,舒志高
603615.SH,SSE,陈葵生
688181.SH,SSE,赵雷
603176.SH,SSE,赵亚尊
603332.SH,SSE,席文杰
603032.SH,SSE,宋国强
603729.SH,SSE,余亦坤
688511.SH,SSE,巨万里
603677.SH,SSE,卢文祥
603929.SH,SSE,姚祖骧
603737.SH,SSE,洪杰
603018.SH,SSE,杨卫东
603538.SH,SSE,姚成志
603023.SH,SSE,刘高深
605011.SH,SSE,许阳
605133.SH,SSE,夏诚亮
605488.SH,SSE,夏厚君
603663.SH,SSE,夏鹏
603928.SH,SSE,王进兴
688219.SH,SSE,李健益
603588.SH,SSE,凌锦明
603811.SH,SSE,颜贻意
688057.SH,SSE,廖志民
603367.SH,SSE,杜振新
688312.SH,SSE,刘燕
603238.SH,SSE,任建华
603337.SH,SSE,赵新庆
601700.SH,SSE,范立义
688015.SH,SSE,郜春海
603898.SH,SSE,沈汉标
688160.SH,SSE,唐咚
601689.SH,SSE,邬建树
605305.SH,SSE,刘志欣
603158.SH,SSE,蒋学真
688337.SH,SSE,王悦
688021.SH,SSE,潘吉庆
603813.SH,SSE,余军
603969.SH,SSE,谢志峰
603551.SH,SSE,Fang James
603637.SH,SSE,范其海
603298.SH,SSE,赵礼敏
605055.SH,SSE,傅双利
605151.SH,SSE,朱燕阳
603180.SH,SSE,潘孝贞
600956.SH,SSE,曹欣
688658.SH,SSE,于伟仕
603889.SH,SSE,沈建华
688091.SH,SSE,周劲松
603515.SH,SSE,王耀海
688316.SH,SSE,黄允松
603112.SH,SSE,王春翔
603918.SH,SSE,金史平
603197.SH,SSE,陈洪凌
601968.SH,SSE,曹清
603866.SH,SSE,吴学亮
603626.SH,SSE,徐金根
603117.SH,SSE,樊继波
605339.SH,SSE,陈正文
603320.SH,SSE,吴建荣
688067.SH,SSE,丁建文
603439.SH,SSE,张海
688526.SH,SSE,陈焕春
601568.SH,SSE,刘国强
605399.SH,SSE,丁冰
688010.SH,SSE,何文波
688218.SH,SSE,朱振友
688556.SH,SSE,张顼
688378.SH,SSE,轩景泉
688108.SH,SSE,孙箭华
688129.SH,SSE,朱忠敏
603458.SH,SSE,漆贵荣
688068.SH,SSE,林长青
688050.SH,SSE,解江冰
603823.SH,SSE,陈立荣
688319.SH,SSE,樊绍文
605100.SH,SSE,徐华东
603203.SH,SSE,戚国强
688281.SH,SSE,折生阳
688677.SH,SSE,郑安民
601702.SH,SSE,陈国桢
688305.SH,SSE,于本宏
688528.SH,SSE,邵泽华
688613.SH,SSE,胡刚
688330.SH,SSE,章辉
688338.SH,SSE,吴仕明
688123.SH,SSE,陈作涛
688799.SH,SSE,黄本东
688117.SH,SSE,文永均
605555.SH,SSE,黄裕昌
688092.SH,SSE,方云科
688686.SH,SSE,卢治临
603139.SH,SSE,王延岭
688551.SH,SSE,傅仕涛
605196.SH,SSE,张文东
688135.SH,SSE,黄江
605318.SH,SSE,沈正华
688090.SH,SSE,孙志强
603890.SH,SSE,薛革文
600432.SH,SSE,费洪国
600485.SH,SSE,王靖
600552.SH,SSE,夏宁
600992.SH,SSE,王小刚
600460.SH,SSE,陈向东
688517.SH,SSE,樊崇
600416.SH,SSE,周健君
600475.SH,SSE,蒋志坚
600349.SH,SSE,王建沂
601108.SH,SSE,黄伟建
600327.SH,SSE,高兵华
600490.SH,SSE,王晋定
600493.SH,SSE,陈强
600511.SH,SSE,姜修昌
600406.SH,SSE,冷俊
600357.SH,SSE,李怡平
600035.SH,SSE,王南军
600348.SH,SSE,翟红
600481.SH,SSE,刘正宇
600557.SH,SSE,肖伟
600553.SH,SSE,姜长禄
600426.SH,SSE,常怀春
601808.SH,SSE,赵顺强
601066.SH,SSE,王常青
600927.SH,SSE,葛国栋
600527.SH,SSE,陶冶
600565.SH,SSE,罗韶颖
600547.SH,SSE,李国红
600562.SH,SSE,李浪平
600273.SH,SSE,韩建红
600343.SH,SSE,朱奇
600503.SH,SSE,王伟林
600439.SH,SSE,郑文青
600993.SH,SSE,陈平
600563.SH,SSE,严春光
600537.SH,SSE,杨庆忠
600526.SH,SSE,吴东明
600487.SH,SSE,张建峰
600928.SH,SSE,郭军
601107.SH,SSE,甘勇义
600004.SH,SSE,邱嘉臣
600597.SH,SSE,黄黎明
600559.SH,SSE,刘彦龙
600021.SH,SSE,胡建东
600026.SH,SSE,任永强
600476.SH,SSE,董志宏
600477.SH,SSE,单银木
600251.SH,SSE,刘中海
600549.SH,SSE,黄长庚
600446.SH,SSE,李结义
688386.SH,SSE,张云
600039.SH,SSE,熊国斌
600401.SH,SSE,邱新
688285.SH,SSE,张厂育
605566.SH,SSE,李百春
600587.SH,SSE,王玉全
600595.SH,SSE,马文超
600340.SH,SSE,王文学
600576.SH,SSE,赖志林
600579.SH,SSE,刘韬
600570.SH,SSE,彭政纲
600969.SH,SSE,范培顺
603319.SH,SSE,许仲秋
601628.SH,SSE,袁长清
688333.SH,SSE,薛蕾
600449.SH,SSE,王玉林
600507.SH,SSE,徐志新
600438.SH,SSE,谢毅
600531.SH,SSE,杨安国
600020.SH,SSE,马沉重
600967.SH,SSE,李全文
600479.SH,SSE,江端预
600015.SH,SSE,李民吉
688309.SH,SSE,牛斌
688006.SH,SSE,曹骥
603931.SH,SSE,方伟华
688188.SH,SSE,唐晔
600505.SH,SSE,牟昊
603826.SH,SSE,谢秉昆
601880.SH,SSE,王志贤
688183.SH,SSE,邓春华
601838.SH,SSE,王晖
601997.SH,SSE,张正海
600926.SH,SSE,陈震山
603758.SH,SSE,YUANMING TANG
600375.SH,SSE,范现军
600516.SH,SSE,党锡江
600403.SH,SSE,任春星
600521.SH,SSE,陈保华
600452.SH,SSE,杨作祥
603938.SH,SSE,孙任靖
603076.SH,SSE,黄粤宁
688289.SH,SSE,戴立忠
600397.SH,SSE,邹爱国
600525.SH,SSE,吴启权
600031.SH,SSE,向文波
605377.SH,SSE,张延成
601005.SH,SSE,张文学
688118.SH,SSE,刘亚东
600030.SH,SSE,张佑君
600545.SH,SSE,潘雪平
600990.SH,SSE,王玉宝
600370.SH,SSE,卞惠良
600584.SH,SSE,郑力
688357.SH,SSE,李建波
603879.SH,SSE,陈翔
603517.SH,SSE,戴文军
601099.SH,SSE,李长伟
688786.SH,SSE,李上奎
688636.SH,SSE,王勇
600352.SH,SSE,阮伟祥
600114.SH,SSE,朱志荣
600470.SH,SSE,陈胜前
605288.SH,SSE,周荣清
600571.SH,SSE,耿俊岭
688798.SH,SSE,孙洪军
688155.SH,SSE,潘延庆
605179.SH,SSE,朱立科
600462.SH,SSE,肖自然
600515.SH,SSE,杨小滨
601825.SH,SSE,徐力
603323.SH,SSE,徐晓军
688288.SH,SSE,何军强
600980.SH,SSE,韩龙
600517.SH,SSE,谭真勇
600529.SH,SSE,扈永刚
688389.SH,SSE,刘先成
605001.SH,SSE,孙汉本
600467.SH,SSE,唐传勤
600459.SH,SSE,郭俊梅
600435.SH,SSE,浮德海
688185.SH,SSE,Xuefeng YU
688198.SH,SSE,金磊
601375.SH,SSE,菅明军
688680.SH,SSE,李民
600551.SH,SSE,董磊
600591.SH,SSE,周赤
600540.SH,SSE,马晓宏
600590.SH,SSE,李自强
600184.SH,SSE,李克炎
688138.SH,SSE,唐英敏
603191.SH,SSE,杨泽民
601916.SH,SSE,张荣森
688100.SH,SSE,吉喆
600496.SH,SSE,方朝阳
600050.SH,SSE,刘烈宏
600592.SH,SSE,陈晋辉
600960.SH,SSE,谢伟
600012.SH,SSE,项小龙
688027.SH,SSE,彭承志
601128.SH,SSE,庄广强
605303.SH,SSE,吴光洪
600546.SH,SSE,王为民
688278.SH,SSE,孙黎
605255.SH,SSE,尤建义
600271.SH,SSE,马天晖
600577.SH,SSE,李晓
600538.SH,SSE,潘利斌
600593.SH,SSE,杨子平
600387.SH,SSE,王彬
600983.SH,SSE,梁惠强
601333.SH,SSE,武勇
600572.SH,SSE,胡季强
600469.SH,SSE,王锋
600489.SH,SSE,卢进
600988.SH,SSE,王建华
600502.SH,SSE,李有贵
605086.SH,SSE,温能全
603855.SH,SSE,胡志荣
688739.SH,SSE,李宁
600429.SH,SSE,于永杰
600371.SH,SSE,刘志刚
600586.SH,SSE,王刚
600561.SH,SSE,王晓
600491.SH,SSE,赖朝辉
600423.SH,SSE,陆胜云
688268.SH,SSE,石平湘
601866.SH,SSE,王大雄
600482.SH,SSE,周宗子
600354.SH,SSE,刘兴斌
600284.SH,SSE,杨明
600436.SH,SSE,林纬奇
600409.SH,SSE,王春生
600522.SH,SSE,薛济萍
600355.SH,SSE,张学阳
600463.SH,SSE,王鹏
603516.SH,SSE,何仕达
688363.SH,SSE,赵燕
688793.SH,SSE,马学军
600941.SH,SSE,杨杰
688981.SH,SSE,高永岗
688385.SH,SSE,蒋国兴
688505.SH,SSE,王海波
605077.SH,SSE,陈德水
605198.SH,SSE,王安
600900.SH,SSE,雷鸣山
600480.SH,SSE,罗开全
600573.SH,SSE,刘翔宇
600963.SH,SSE,李战
603357.SH,SSE,苏新国
600249.SH,SSE,林钻煌
600444.SH,SSE,窦万波
603803.SH,SSE,任建宏
600535.SH,SSE,闫凯境
688069.SH,SSE,胡明明
605111.SH,SSE,朱袁正
600495.SH,SSE,杨万林
600478.SH,SSE,钟发平
600976.SH,SSE,何勤
688089.SH,SSE,易德伟
600351.SH,SSE,任武贤
600512.SH,SSE,杨九如
601598.SH,SSE,王宏
601577.SH,SSE,赵小中
688600.SH,SSE,臧牧
603966.SH,SSE,陶峰华
600560.SH,SSE,杨光浩
600392.SH,SSE,胡泽松
600510.SH,SSE,戈亚芳
600497.SH,SSE,王冲
600532.SH,SSE,俞倪荣
600499.SH,SSE,边程
600408.SH,SSE,杨锦龙
600908.SH,SSE,邵辉
603885.SH,SSE,王均金
688611.SH,SSE,谢东
688689.SH,SSE,杨森茂
600513.SH,SSE,吴文格
600581.SH,SSE,吴彬
600458.SH,SSE,彭华文
600580.SH,SSE,庞欣元
603895.SH,SSE,荣俊林
603712.SH,SSE,王宝
603976.SH,SSE,邓勇
688679.SH,SSE,杨明
600353.SH,SSE,刘卫东
688678.SH,SSE,许惠钧
688112.SH,SSE,秦轲
688550.SH,SSE,刘晓春
688156.SH,SSE,季光明
600032.SH,SSE,吴荣辉
601238.SH,SSE,曾庆洪
603960.SH,SSE,谈士力
688303.SH,SSE,徐广福
603178.SH,SSE,罗玉龙
688768.SH,SSE,聂卫华
603679.SH,SSE,梁熹
600433.SH,SSE,谢先龙
601963.SH,SSE,林军
605499.SH,SSE,林木勤
603121.SH,SSE,吴怀磊
600425.SH,SSE,郑术建
601728.SH,SSE,柯瑞文
601118.SH,SSE,艾轶伦
601919.SH,SSE,万敏
600025.SH,SSE,袁湘华
601001.SH,SSE,王存权
605358.SH,SSE,王敏文
600029.SH,SSE,马须伦
601958.SH,SSE,程方方
601038.SH,SSE,黎晓煜
605258.SH,SSE,张南国
688683.SH,SSE,伍仲乾
603927.SH,SSE,左春
600987.SH,SSE,朱重庆
688789.SH,SSE,金小团
601158.SH,SSE,郑如彬
688776.SH,SSE,蒋世杰
601666.SH,SSE,潘树启
601699.SH,SSE,王志清
603700.SH,SSE,张琳
600472.SH,SSE,芦林
601006.SH,SSE,包楚雄
600970.SH,SSE,刘燕
603899.SH,SSE,陈湖文
601519.SH,SSE,张志宏
688456.SH,SSE,汪礼敏
688367.SH,SSE,魏臻
600575.SH,SSE,王戎
603356.SH,SSE,黄业华
601956.SH,SSE,杨百昌
601588.SH,SSE,李伟东
600973.SH,SSE,杨泽元
688086.SH,SSE,郑穆
603109.SH,SSE,艾纯
601187.SH,SSE,吴世群
601788.SH,SSE,刘秋明
600979.SH,SSE,余正军
605177.SH,SSE,池正明
600166.SH,SSE,常瑞
600167.SH,SSE,苏壮强
600168.SH,SSE,黄思
600169.SH,SSE,韩珍堂
600066.SH,SSE,汤玉祥
600067.SH,SSE,韩孝煌
600068.SH,SSE,陈晓华
600069.SH,SSE,孟飞
688229.SH,SSE,李凯
600085.SH,SSE,邸淑兵
600086.SH,SSE,张文风
601975.SH,SSE,张锐
600088.SH,SSE,唐世鼎
600170.SH,SSE,徐征
600171.SH,SSE,秦毅
600172.SH,SSE,庞文龙
600173.SH,SSE,王希全
600175.SH,SSE,闻掌华
600070.SH,SSE,赵林中
600071.SH,SSE,陈宗年
600072.SH,SSE,周辉
600073.SH,SSE,吴坚
600074.SH,SSE,丁立红
688557.SH,SSE,吴耀华
600962.SH,SSE,杜仁堂
600143.SH,SSE,袁志敏
600089.SH,SSE,张新
600090.SH,SSE,张美华
600091.SH,SSE,李国春
600092.SH,SSE,焦平
600093.SH,SSE,杨复兴
600176.SH,SSE,常张利
600177.SH,SSE,李如成
600178.SH,SSE,陈笠宝
600179.SH,SSE,楼建强
600180.SH,SSE,李群立
600181.SH,SSE,方瑞斌
600075.SH,SSE,周军
600076.SH,SSE,邵建东
600077.SH,SSE,俞建午
600078.SH,SSE,蒋大庆
600079.SH,SSE,李杰
603527.SH,SSE,封全虎
601778.SH,SSE,李仙德
600095.SH,SSE,史建明
600096.SH,SSE,段文瀚
600097.SH,SSE,谢峰
600098.SH,SSE,蔡瑞雄
600094.SH,SSE,俞锦
600182.SH,SSE,李怀靖
600183.SH,SSE,刘述峰
600185.SH,SSE,鲁君四
600186.SH,SSE,李厚文
600187.SH,SSE,张彦
600080.SH,SSE,邢雅江
600081.SH,SSE,陈兴林
600082.SH,SSE,董建新
600083.SH,SSE,王伟
600084.SH,SSE,李向禹
600022.SH,SSE,王向东
688559.SH,SSE,赵盛宇
600981.SH,SSE,陈述
600099.SH,SSE,孙峰
600100.SH,SSE,黄敏刚
600101.SH,SSE,王更生
600102.SH,SSE,陈启祥
600103.SH,SSE,张小强
600188.SH,SSE,李伟
600189.SH,SSE,王尽晖
600190.SH,SSE,徐健
600191.SH,SSE,宋卫东
603226.SH,SSE,Jürgen V？hringer
688388.SH,SSE,廖平元
688778.SH,SSE,杨金洪
688396.SH,SSE,李虹
600104.SH,SSE,陈虹
600105.SH,SSE,莫思铭
600106.SH,SSE,江津
600107.SH,SSE,郑继平
600108.SH,SSE,李克恕
600192.SH,SSE,张志明
600193.SH,SSE,顾简兵
600195.SH,SSE,王建成
600196.SH,SSE,吴以芳
600197.SH,SSE,陈智
688011.SH,SSE,康为民
600982.SH,SSE,马奕飞
600109.SH,SSE,冉云
600110.SH,SSE,陈立志
600111.SH,SSE,章智强
600112.SH,SSE,高健
600113.SH,SSE,杨作军
688687.SH,SSE,周德胜
601886.SH,SSE,刘载望
605138.SH,SSE,徐磊
600984.SH,SSE,杨宏军
688599.SH,SSE,高纪凡
600116.SH,SSE,叶建桥
600117.SH,SSE,张伯影
600118.SH,SSE,林益明
600115.SH,SSE,刘绍勇
603466.SH,SSE,李晖
605005.SH,SSE,陈文葆
603303.SH,SSE,倪强
600119.SH,SSE,鲁国锋
600120.SH,SSE,金朝萍
600121.SH,SSE,于泽阳
600122.SH,SSE,廖帆
688393.SH,SSE,蔡向挺
601658.SH,SSE,张金良
600000.SH,SSE,郑杨
688272.SH,SSE,黄富元
688157.SH,SSE,凌云剑
603595.SH,SSE,沈晓宇
600123.SH,SSE,李晓明
600125.SH,SSE,辛明
600126.SH,SSE,吴东明
600127.SH,SSE,陈伟
600128.SH,SSE,马宏伟
600001.SH,SSE,李贵阳
600002.SH,SSE,张瑞生
600003.SH,SSE,孙熠嵩
600005.SH,SSE,马国强
600006.SH,SSE,赵书良
600007.SH,SSE,林明志
688335.SH,SSE,黄文俊
603063.SH,SSE,韩玉
600129.SH,SSE,李阳春
600130.SH,SSE,徐立华
600131.SH,SSE,杨树
600132.SH,SSE,Leo Evers
600133.SH,SSE,杨涛
600008.SH,SSE,刘永政
600009.SH,SSE,莘澍钧
600010.SH,SSE,刘振刚
600011.SH,SSE,赵克宇
688408.SH,SSE,蔡浩
600135.SH,SSE,王洪泽
600136.SH,SSE,易仁涛
600137.SH,SSE,翁荣弟
600138.SH,SSE,康国明
600139.SH,SSE,史跃朋
600016.SH,SSE,高迎欣
600019.SH,SSE,邹继新
600028.SH,SSE,马永生
605598.SH,SSE,徐士龙
688733.SH,SSE,蒋学鑫
601609.SH,SSE,楼国强
605376.SH,SSE,王利平
600141.SH,SSE,李国璋
600145.SH,SSE,卡司木江.吾斯曼
600146.SH,SSE,金松
600148.SH,SSE,高汝森
600149.SH,SSE,王大为
600036.SH,SSE,缪建民
600037.SH,SSE,郭章鹏
600038.SH,SSE,闫灵喜
600051.SH,SSE,李水荣
600033.SH,SSE,方晓东
603848.SH,SSE,沈汉标
600150.SH,SSE,张英岱
600151.SH,SSE,荆怀靖
600152.SH,SSE,何承命
600153.SH,SSE,郑永达
600052.SH,SSE,蒋旭峰
600053.SH,SSE,康青山
600054.SH,SSE,章德辉
600055.SH,SSE,胡自强
600056.SH,SSE,李亚东
688007.SH,SSE,李屹
688787.SH,SSE,贺琳
600155.SH,SSE,陶永泽
600156.SH,SSE,肖群锋
600157.SH,SSE,王广西
600158.SH,SSE,王卫东
600159.SH,SSE,马云虎
600160.SH,SSE,周黎旸
600057.SH,SSE,邓启东
600058.SH,SSE,朱海涛
600059.SH,SSE,孙爱保
600060.SH,SSE,程开训
688136.SH,SSE,邓学勤
603168.SH,SSE,鄢标
600161.SH,SSE,付道兴
600162.SH,SSE,翟美卿
600163.SH,SSE,张骏
600165.SH,SSE,黄海粟
600062.SH,SSE,于顺廷
600063.SH,SSE,吴福胜
600064.SH,SSE,徐益民
600065.SH,SSE,王庆明
600061.SH,SSE,叶柏寿
600398.SH,SSE,周立宸
600399.SH,SSE,季永新
600400.SH,SSE,戴敏君
600415.SH,SSE,赵文阁
600706.SH,SSE,耿琳
600707.SH,SSE,李淼
600708.SH,SSE,沈宏泽
600709.SH,SSE,李武
600710.SH,SSE,杨永清
600619.SH,SSE,庄华
600620.SH,SSE,叶茂菁
600621.SH,SSE,李军
600622.SH,SSE,张明翱
600623.SH,SSE,刘训峰
600624.SH,SSE,褚建平
600625.SH,SSE,夏暘
600289.SH,SSE,袁义祥
600290.SH,SSE,陈建山
600291.SH,SSE,郭予丰
600292.SH,SSE,郑武生
600288.SH,SSE,鲁勇志
600626.SH,SSE,姚明华
600627.SH,SSE,黄迪南
600628.SH,SSE,陈湧
600629.SH,SSE,顾伟华
600711.SH,SSE,陈东
600712.SH,SSE,黎军
600713.SH,SSE,周建军
600714.SH,SSE,任小坤
600198.SH,SSE,雷信生
600199.SH,SSE,贾光明
600200.SH,SSE,钱群英
600201.SH,SSE,张翀宇
600202.SH,SSE,田大鹏
600293.SH,SSE,许锡忠
600296.SH,SSE,冯诗伟
600297.SH,SSE,陆伟
600298.SH,SSE,熊涛
600299.SH,SSE,JEAN MARC DUBLANC
600630.SH,SSE,王卫民
600632.SH,SSE,吕勇明
600633.SH,SSE,张雪南
600634.SH,SSE,蔡云华
600635.SH,SSE,杨国平
600715.SH,SSE,周茂非
600716.SH,SSE,林海涛
600717.SH,SSE,焦广军
600718.SH,SSE,刘积仁
600719.SH,SSE,邵阳
600203.SH,SSE,卞志航
600205.SH,SSE,刘兴亮
600206.SH,SSE,王兴权
600207.SH,SSE,何毅敏
600208.SH,SSE,林俊波
600300.SH,SSE,林斌
600301.SH,SSE,黄葆源
600302.SH,SSE,杜俊康
600303.SH,SSE,宫大
600636.SH,SSE,王东兴
600637.SH,SSE,沈军
600638.SH,SSE,赵峥嵘
600639.SH,SSE,王颖
600640.SH,SSE,李安民
600418.SH,SSE,项兴初
600419.SH,SSE,刘让
600422.SH,SSE,钟祥刚
600428.SH,SSE,陈威
600448.SH,SSE,盛守祥
600209.SH,SSE,张雪南
600210.SH,SSE,沈雯
600211.SH,SSE,陈达彬
600212.SH,SSE,赵彤宇
600213.SH,SSE,董长江
600305.SH,SSE,杭祝鸿
600306.SH,SSE,陈快主
600307.SH,SSE,张正展
600308.SH,SSE,李晓亮
600641.SH,SSE,朱旭东
600642.SH,SSE,倪斌
600643.SH,SSE,王均金
600644.SH,SSE,林双庆
600645.SH,SSE,王勇
600646.SH,SSE,辜勤华
600456.SH,SSE,雷让岐
600466.SH,SSE,杨武正
600468.SH,SSE,赵久占
600486.SH,SSE,覃衡德
600488.SH,SSE,刘欣
600215.SH,SSE,吴锦华
600216.SH,SSE,李春波
600217.SH,SSE,徐如奎
600218.SH,SSE,谢力
600219.SH,SSE,吕正风
600309.SH,SSE,廖增太
600310.SH,SSE,姚若军
600311.SH,SSE,刘永
600312.SH,SSE,李俊涛
600313.SH,SSE,何才文
600647.SH,SSE,牟柏强
600648.SH,SSE,刘宏
600649.SH,SSE,陈晓波
600650.SH,SSE,许铭
600651.SH,SSE,李鑫
600498.SH,SSE,鲁国庆
600500.SH,SSE,刘红生
600501.SH,SSE,薛亮
600506.SH,SSE,周恩鸿
600220.SH,SSE,陈丽芬
600221.SH,SSE,王英明
600222.SH,SSE,尹辉
600223.SH,SSE,贾庆文
600225.SH,SSE,阎鹏
600315.SH,SSE,潘秋生
600316.SH,SSE,纪瑞东
600317.SH,SSE,姚平
600318.SH,SSE,朱金和
600319.SH,SSE,韩海滨
600652.SH,SSE,谢鹏
600653.SH,SSE,李景伟
600654.SH,SSE,吴博文
600655.SH,SSE,黄震
600656.SH,SSE,许佳明
600657.SH,SSE,郭伟
600508.SH,SSE,包正明
600509.SH,SSE,刘伟
600518.SH,SSE,赖志坚
600519.SH,SSE,丁雄军
600226.SH,SSE,朱礼静
600227.SH,SSE,丁林洪
600228.SH,SSE,葛永昌
600229.SH,SSE,王为达
600230.SH,SSE,谢华生
600321.SH,SSE,何延龙
600322.SH,SSE,郭维成
600323.SH,SSE,金铎
600326.SH,SSE,陈林
600328.SH,SSE,周杰
600659.SH,SSE,黄文义
600660.SH,SSE,曹德旺
600661.SH,SSE,周传有
600662.SH,SSE,李栋
600658.SH,SSE,潘金峰
600663.SH,SSE,徐而进
600520.SH,SSE,黄言勇
600523.SH,SSE,雷自力
600528.SH,SSE,易铁军
600530.SH,SSE,周传有
600533.SH,SSE,江劲松
600231.SH,SSE,文广
600232.SH,SSE,傅国定
600233.SH,SSE,喻会蛟
600234.SH,SSE,黄绍嘉
600235.SH,SSE,曹继华
600236.SH,SSE,李凯
600329.SH,SSE,张铭芮
600330.SH,SSE,潘正强
600331.SH,SSE,黄建军
600332.SH,SSE,李楚源
600664.SH,SSE,徐海瑛
600665.SH,SSE,袁旺家
600666.SH,SSE,杨鑫宏
600667.SH,SSE,赵振元
600668.SH,SSE,蒋晓萌
600669.SH,SSE,潘跃东
600536.SH,SSE,陈锡明
600539.SH,SSE,赵冬梅
600548.SH,SSE,胡伟
600550.SH,SSE,刘淑娟
600556.SH,SSE,李檬
600238.SH,SSE,王晓晴
600239.SH,SSE,李家龙
600240.SH,SSE,余威
600241.SH,SSE,李军
600237.SH,SSE,黄明强
600335.SH,SSE,彭原璞
600336.SH,SSE,张斌
600337.SH,SSE,寇卫平
600338.SH,SSE,黄建荣
600333.SH,SSE,张志超
600670.SH,SSE,袁晨亮
600671.SH,SSE,李峰
600672.SH,SSE,吴裕庆
600673.SH,SSE,张红伟
600674.SH,SSE,刘体斌
600675.SH,SSE,李钟
600558.SH,SSE,张晓柏
600566.SH,SSE,曹龙祥
600567.SH,SSE,吴明武
600568.SH,SSE,叶继革
600242.SH,SSE,凌云
600243.SH,SSE,于世光
600246.SH,SSE,王忆会
600247.SH,SSE,方项
600248.SH,SSE,张义光
600339.SH,SSE,白玉光
600345.SH,SSE,熊向峰
600346.SH,SSE,范红卫
600350.SH,SSE,赛志毅
600356.SH,SSE,徐祥
600358.SH,SSE,曾少雄
600676.SH,SSE,樊建林
600677.SH,SSE,张忠荣
600678.SH,SSE,熊记锋
600679.SH,SSE,周永超
600680.SH,SSE,赵威
600569.SH,SSE,李利剑
600578.SH,SSE,任启贵
600582.SH,SSE,胡善亭
600583.SH,SSE,于毅
600250.SH,SSE,徐德健
600252.SH,SSE,莫宏胜
600253.SH,SSE,年大明
600255.SH,SSE,宋志刚
600256.SH,SSE,韩士发
600359.SH,SSE,唐建国
600360.SH,SSE,夏增文
600361.SH,SSE,陈琳
600362.SH,SSE,郑高清
600681.SH,SSE,王东海
600682.SH,SSE,翟凌云
600683.SH,SSE,魏怡
600684.SH,SSE,张研
600685.SH,SSE,韩广德
600585.SH,SSE,王诚
600588.SH,SSE,王文京
600589.SH,SSE,杨宝生
600596.SH,SSE,吴建华
600257.SH,SSE,罗订坤
600258.SH,SSE,白凡
600259.SH,SSE,张喜刚
600260.SH,SSE,朱弟雄
600363.SH,SSE,曾智斌
600365.SH,SSE,王军
600366.SH,SSE,竺晓东
600367.SH,SSE,郭汉光
600368.SH,SSE,周异助
600369.SH,SSE,吴坚
600686.SH,SSE,谢思瑜
600687.SH,SSE,邓庆生
600688.SH,SSE,吴海君
600689.SH,SSE,邹宁
600598.SH,SSE,王守聪
600599.SH,SSE,李民
600600.SH,SSE,黄克兴
600601.SH,SSE,刘建
600602.SH,SSE,黄金刚
600262.SH,SSE,李军
600263.SH,SSE,毛志远
600265.SH,SSE,许琳
600266.SH,SSE,陈代华
600261.SH,SSE,陈卫
600267.SH,SSE,蒋国平
600372.SH,SSE,于卓
600373.SH,SSE,吴信根
600376.SH,SSE,李岩
600377.SH,SSE,成晓光
600378.SH,SSE,胡冬晨
600690.SH,SSE,梁海山
600691.SH,SSE,马军祥
600692.SH,SSE,梁峻
600693.SH,SSE,施文义
600694.SH,SSE,牛钢
600603.SH,SSE,杨铁军
600604.SH,SSE,罗岚
600605.SH,SSE,杨张峰
600606.SH,SSE,张玉良
600607.SH,SSE,吕明方
600268.SH,SSE,王凤蛟
600269.SH,SSE,王国强
600270.SH,SSE,高伟
600275.SH,SSE,陈伟
600276.SH,SSE,孙飘扬
600379.SH,SSE,刘武周
600380.SH,SSE,朱保国
600381.SH,SSE,张雪峰
600382.SH,SSE,黄丙娣
600383.SH,SSE,凌克
600695.SH,SSE,龙炼
600696.SH,SSE,陈琪
600697.SH,SSE,曹和平
600698.SH,SSE,杨宝全
600699.SH,SSE,王剑峰
600700.SH,SSE,李键
600608.SH,SSE,雷升逵
600609.SH,SSE,刘同富
600610.SH,SSE,虞宙斯
600611.SH,SSE,杨国平
600612.SH,SSE,石力华
600613.SH,SSE,张芝庭
600277.SH,SSE,王文彪
600278.SH,SSE,赵晓东
600279.SH,SSE,杨昌学
600280.SH,SSE,祝珺
600281.SH,SSE,冯志武
600385.SH,SSE,林云
600386.SH,SSE,阎广兴
600388.SH,SSE,何媚
600389.SH,SSE,薛健
600390.SH,SSE,赵立功
600701.SH,SSE,任会云
600702.SH,SSE,蒲吉洲
600703.SH,SSE,林志强
600704.SH,SSE,陈新
600705.SH,SSE,姚江涛
600614.SH,SSE,侯林
600615.SH,SSE,左勇
600616.SH,SSE,唐文杰
600617.SH,SSE,刘军
600618.SH,SSE,张伟民
600282.SH,SSE,黄一新
600283.SH,SSE,叶建桥
600285.SH,SSE,熊伟
600286.SH,SSE,刘三明
600287.SH,SSE,高松
600391.SH,SSE,丛春义
600393.SH,SSE,杨树坪
600395.SH,SSE,朱家道
600396.SH,SSE,李延群
600848.SH,SSE,袁国华
601607.SH,SSE,周军
600850.SH,SSE,江波
600851.SH,SSE,费敏华
600852.SH,SSE,汪浩
688081.SH,SSE,程家明
688682.SH,SSE,周建华
600935.SH,SSE,赵世通
600775.SH,SSE,夏德传
600776.SH,SSE,郭端端
600777.SH,SSE,刘珂
600778.SH,SSE,聂如旋
603269.SH,SSE,金敖大
688066.SH,SSE,王宇翔
603360.SH,SSE,刘宪武
688779.SH,SSE,胡柳泉
600779.SH,SSE,朱镇豪
600780.SH,SSE,宣宏斌
600781.SH,SSE,朱成功
600782.SH,SSE,刘建荣
600783.SH,SSE,陈磊
601992.SH,SSE,曾劲
600784.SH,SSE,杨耀东
600785.SH,SSE,曲奎
600786.SH,SSE,张晓仑
600787.SH,SSE,梁伟华
601010.SH,SSE,贾云博
601000.SH,SSE,宣国宝
600594.SH,SSE,窦啟玲
600543.SH,SSE,赵国柱
601800.SH,SSE,王彤宙
600788.SH,SSE,柳宇宁
600789.SH,SSE,彭欣
600790.SH,SSE,潘建华
600791.SH,SSE,昝荣师
600792.SH,SSE,李树雄
600793.SH,SSE,陈洪
600986.SH,SSE,唐颖
603607.SH,SSE,孙建成
600410.SH,SSE,王维航
600720.SH,SSE,脱利成
600721.SH,SSE,郑彩红
600722.SH,SSE,郑温雅
600723.SH,SSE,卢长才
600724.SH,SSE,钟建波
600794.SH,SSE,唐勇
600795.SH,SSE,刘国跃
600796.SH,SSE,叶启东
600797.SH,SSE,史烈
600798.SH,SSE,董军
601168.SH,SSE,王海丰
600978.SH,SSE,杜旭成
600726.SH,SSE,董凤亮
600727.SH,SSE,陈树常
600728.SH,SSE,刘伟
600725.SH,SSE,蔡大为
600800.SH,SSE,郭子敬
600801.SH,SSE,李叶青
600802.SH,SSE,王金星
600803.SH,SSE,王玉锁
600799.SH,SSE,王景惠
600018.SH,SSE,顾金山
600853.SH,SSE,田玉龙
600854.SH,SSE,沈华平
600855.SH,SSE,肖海潮
600856.SH,SSE,黄杰
600857.SH,SSE,应飞军
600729.SH,SSE,何谦
600730.SH,SSE,齐子鑫
600804.SH,SSE,杨学平
600805.SH,SSE,张乃文
600806.SH,SSE,王鹤
600807.SH,SSE,贾为
600808.SH,SSE,丁毅
600809.SH,SSE,袁清茂
688153.SH,SSE,孙亦军
600325.SH,SSE,李光宁
600858.SH,SSE,布廷现
600859.SH,SSE,杜宝祥
600860.SH,SSE,王军
600861.SH,SSE,王禄征
600731.SH,SSE,尹霖
600732.SH,SSE,陈刚
600733.SH,SSE,刘宇
600734.SH,SSE,景百孚
600735.SH,SSE,张航
600736.SH,SSE,王平
600810.SH,SSE,李本斌
600811.SH,SSE,孙明涛
600812.SH,SSE,张玉祥
600813.SH,SSE,张春城
688617.SH,SSE,成正辉
688667.SH,SSE,王和平
600862.SH,SSE,李志强
600863.SH,SSE,高原
600864.SH,SSE,赵洪波
600865.SH,SSE,陈夏鑫
600866.SH,SSE,陈武
600737.SH,SSE,李明华
600738.SH,SSE,叶茂
600739.SH,SSE,尚书志
600740.SH,SSE,李峰
600741.SH,SSE,陈虹
600814.SH,SSE,毕铃
600815.SH,SSE,谷涛
600816.SH,SSE,王少钦
600817.SH,SSE,戴领梅
603937.SH,SSE,蔡征国
605060.SH,SSE,孙袁
600867.SH,SSE,冷春生
600868.SH,SSE,张能勇
600869.SH,SSE,蒋锡培
600870.SH,SSE,陈诗毅
600742.SH,SSE,张丕杰
600743.SH,SSE,王乐斌
600744.SH,SSE,贺子波
600745.SH,SSE,张学政
600746.SH,SSE,胡宗贵
600818.SH,SSE,陈闪
600819.SH,SSE,殷俊
600820.SH,SSE,张焰
600821.SH,SSE,高震
600822.SH,SSE,秦青林
600823.SH,SSE,吴凌华
688665.SH,SSE,熊友辉
605259.SH,SSE,罗昌国
600872.SH,SSE,何华
600873.SH,SSE,王爱军
600874.SH,SSE,刘玉军
600875.SH,SSE,俞培根
600871.SH,SSE,陈锡坤
600748.SH,SSE,曾明
600749.SH,SSE,赵金峰
600750.SH,SSE,卢小青
600751.SH,SSE,朱勇
600747.SH,SSE,王小琴
600824.SH,SSE,陈洪志
600825.SH,SSE,陈启伟
600826.SH,SSE,陈辉峰
600827.SH,SSE,叶永明
600828.SH,SSE,高宏彪
688350.SH,SSE,熊益新
600295.SH,SSE,王臻
600272.SH,SSE,庄虔赟
600320.SH,SSE,刘成云
600555.SH,SSE,廖虹宇
600877.SH,SSE,王颖
600878.SH,SSE,刘建强
600879.SH,SSE,任德民
600880.SH,SSE,母涛
600881.SH,SSE,宋尚龙
600876.SH,SSE,张冲
600753.SH,SSE,梁衍锋
600754.SH,SSE,张晓强
600755.SH,SSE,高少镛
600752.SH,SSE,李东涛
600756.SH,SSE,王柏华
600830.SH,SSE,邵松长
600831.SH,SSE,王立强
600832.SH,SSE,徐辉
600829.SH,SSE,刘波
603557.SH,SSE,张连中
688390.SH,SSE,黄敏
600882.SH,SSE,卢敏放
600883.SH,SSE,刘志波
600884.SH,SSE,郑永刚
600885.SH,SSE,郭满金
600886.SH,SSE,朱基伟
600887.SH,SSE,潘刚
600757.SH,SSE,陈义国
600758.SH,SSE,郭洪波
600759.SH,SSE,陈焕龙
600760.SH,SSE,钱雪松
600761.SH,SSE,杨安国
600762.SH,SSE,袁金华
600833.SH,SSE,孙伟
600834.SH,SSE,叶彤
600835.SH,SSE,王小弟
600836.SH,SSE,赵宏光
600837.SH,SSE,周杰
600838.SH,SSE,许骍
688025.SH,SSE,黄治家
688234.SH,SSE,宗艳民
688772.SH,SSE,徐延铭
688232.SH,SSE,曹立斌
600888.SH,SSE,孙健
600889.SH,SSE,丁明国
600890.SH,SSE,朱雷
600891.SH,SSE,李亚
600892.SH,SSE,黄苹
600763.SH,SSE,吕建明
600764.SH,SSE,范国平
600765.SH,SSE,姬苏春
600766.SH,SSE,徐成义
600767.SH,SSE,翁松林
600768.SH,SSE,陈炜
600769.SH,SSE,董耀军
600839.SH,SSE,赵勇
600840.SH,SSE,陈坚
600841.SH,SSE,蓝青松
600842.SH,SSE,周德孚
603192.SH,SSE,钱建中
600893.SH,SSE,杨森
600894.SH,SSE,蒙锦昌
600895.SH,SSE,刘樱
600896.SH,SSE,倪小伟
600770.SH,SSE,昝圣达
600771.SH,SSE,鞠振
600772.SH,SSE,赵伟文
600773.SH,SSE,陈卫东
600774.SH,SSE,阎志
600843.SH,SSE,张敏
600844.SH,SSE,李国方
600845.SH,SSE,夏雪松
600846.SH,SSE,王明忠
600847.SH,SSE,莫天全
600897.SH,SSE,朱昭
600898.SH,SSE,宋林林
600899.SH,SSE,杨海坡
600017.SH,SSE,牟伟
603499.SH,SSE,董建军
688308.SH,SSE,袁美和
688368.SH,SSE,胡黎强
603683.SH,SSE,周晓南
603906.SH,SSE,石俊峰
603897.SH,SSE,顾正韡
600985.SH,SSE,孙方
688625.SH,SSE,赵文林
603903.SH,SSE,许国栋
688058.SH,SSE,易存道
600455.SH,SSE,王萍
600961.SH,SSE,刘朗明
603610.SH,SSE,唐国海
603316.SH,SSE,张兴桥
601198.SH,SSE,魏庆华
603290.SH,SSE,沈华
600483.SH,SSE,周朝宝
688659.SH,SSE,徐辉
688020.SH,SSE,苏陟
601688.SH,SSE,张伟
600958.SH,SSE,金文忠
600405.SH,SSE,何振亚
600461.SH,SSE,邵涛
688425.SH,SSE,刘飞香
688359.SH,SSE,上官文龙
601328.SH,SSE,任德奇
601939.SH,SSE,田国立
601398.SH,SSE,陈四清
601288.SH,SSE,谷澍
600997.SH,SSE,刘宝珠
688356.SH,SSE,赵宣
688298.SH,SSE,方剑秋
603728.SH,SSE,常建鸣
603286.SH,SSE,是蓉珠
601901.SH,SSE,施华
601988.SH,SSE,刘连舸
600027.SH,SSE,丁焕德
600421.SH,SSE,周梁辉
688622.SH,SSE,周振
603110.SH,SSE,许广彬
603590.SH,SSE,刘建华
601390.SH,SSE,陈云
601318.SH,SSE,马明哲
601166.SH,SSE,吕家进
603501.SH,SSE,王崧
600966.SH,SSE,龚神佑
600975.SH,SSE,何军
603429.SH,SSE,徐善水
688111.SH,SSE,邹涛
601857.SH,SSE,戴厚良
603858.SH,SSE,赵涛
600965.SH,SSE,李良
601727.SH,SSE,冷伟青
601991.SH,SSE,梁永磐
688577.SH,SSE,高长泉
603681.SH,SSE,吕新民
601336.SH,SSE,徐志斌
603559.SH,SSE,郭庆宁
601377.SH,SSE,杨华辉
600991.SH,SSE,张房有
603956.SH,SSE,李纪玺
688002.SH,SSE,马宏
688618.SH,SSE,熊伟
601995.SH,SSE,沈如军
601319.SH,SSE,罗熹
600999.SH,SSE,霍达
601818.SH,SSE,李晓鹏
601456.SH,SSE,葛小波
603069.SH,SSE,刘海荣
688509.SH,SSE,杨玉坤
600048.SH,SSE,刘平
601555.SH,SSE,范力
601211.SH,SSE,贺青
688722.SH,SSE,黄兴良
600995.SH,SSE,姜洪东
600420.SH,SSE,周斌
603900.SH,SSE,马峻
600971.SH,SSE,焦殿志
603725.SH,SSE,吴启超
603822.SH,SSE,沈健
601002.SH,SSE,蔡永龙
688399.SH,SSE,王国强
688711.SH,SSE,赵善麒
603808.SH,SSE,夏国新
688328.SH,SSE,黄奕宏
603916.SH,SSE,缪昌文
688310.SH,SSE,林军华
603036.SH,SSE,曹彩红
601952.SH,SSE,胡兆辉
603200.SH,SSE,王炜
603331.SH,SSE,施小友
603289.SH,SSE,郑建国
601717.SH,SSE,焦承尧
603658.SH,SSE,杨增利
601558.SH,SSE,王原
603111.SH,SSE,陈颖奇
603633.SH,SSE,朱新爱
603586.SH,SSE,孙鹏
601218.SH,SSE,包振华
601208.SH,SSE,唐安斌
603877.SH,SSE,张江平
688127.SH,SSE,徐云明
603077.SH,SSE,曾小平
601567.SH,SSE,沈国英
603606.SH,SSE,夏崇耀
603333.SH,SSE,李广胜
688607.SH,SSE,刘建强
601003.SH,SSE,陈有升
601098.SH,SSE,彭玻
601117.SH,SSE,戴和根
603917.SH,SSE,施良才
601789.SH,SSE,周杰
601872.SH,SSE,谢春林
601888.SH,SSE,彭辉
688012.SH,SSE,尹志尧
603444.SH,SSE,卢竑岩
688318.SH,SSE,黄山
605158.SH,SSE,邵明祥
601077.SH,SSE,刘建忠
688193.SH,SSE,居金良
605180.SH,SSE,蒋生华
688321.SH,SSE,XIANPING LU
601233.SH,SSE,陈士良
688566.SH,SSE,耿仲毅
603456.SH,SSE,花莉蓉
603667.SH,SSE,张峰
603568.SH,SSE,项光明
603181.SH,SSE,王伟松
603799.SH,SSE,陈雪华
603980.SH,SSE,邵辉
603612.SH,SSE,郝俊文
688314.SH,SSE,胡立人
605286.SH,SSE,李国平
601877.SH,SSE,南存辉
603222.SH,SSE,李丽莎
601360.SH,SSE,周鸿祎
601369.SH,SSE,李宏安
601012.SH,SSE,李振国
688122.SH,SSE,张平祥
603098.SH,SSE,刘爱森
603259.SH,SSE,李革
603611.SH,SSE,丁毅
605378.SH,SSE,陈一军
601816.SH,SSE,刘洪润
603169.SH,SSE,张璞临
601777.SH,SSE,徐志豪
603987.SH,SSE,张维鑫
601101.SH,SSE,关志生
601311.SH,SSE,刘长来
603629.SH,SSE,邵树伟
601566.SH,SSE,林聪颖
603993.SH,SSE,袁宏林
601212.SH,SSE,王普公
603919.SH,SSE,周志刚
603893.SH,SSE,励民
688301.SH,SSE,顾铁
603829.SH,SSE,谈行
603179.SH,SSE,唐志华
605589.SH,SSE,唐一林
603636.SH,SSE,吴志雄
601933.SH,SSE,张轩松
601811.SH,SSE,罗勇
605567.SH,SSE,郑维新
603058.SH,SSE,邓代兴
603113.SH,SSE,秦庆平
603136.SH,SSE,孟广才
688008.SH,SSE,杨崇和
603589.SH,SSE,徐进
688597.SH,SSE,周德勤
603511.SH,SSE,张荣明
688055.SH,SSE,陶园
603733.SH,SSE,王敏良
603123.SH,SSE,匡振兴
688099.SH,SSE,JOHN ZHONG
688571.SH,SSE,邱克家
601177.SH,SSE,周焕辉
603609.SH,SSE,金卫东
688336.SH,SSE,LOU JING
688078.SH,SSE,毛善君
603068.SH,SSE,PENGFEI ZHANG
603639.SH,SSE,葛家成
601799.SH,SSE,周晓萍
603787.SH,SSE,张崇舜
601222.SH,SSE,陆永华
601028.SH,SSE,牛磊
601908.SH,SSE,冯焕培
688280.SH,SSE,余平
688223.SH,SSE,李仙德
603267.SH,SSE,郑红
601996.SH,SSE,SAMUEL NIAN LIU
603585.SH,SSE,缪金凤
603156.SH,SSE,姚奎章
688200.SH,SSE,孙镪
603002.SH,SSE,林瑞荣
603508.SH,SSE,李欣
601021.SH,SSE,王煜
601677.SH,SSE,马廷义
601139.SH,SSE,李真
603578.SH,SSE,杨敏
688148.SH,SSE,罗爱平
688655.SH,SSE,马卓
688575.SH,SSE,宋永波
603386.SH,SSE,叶晓彬
605116.SH,SSE,彭志恩
603500.SH,SSE,汤友钱
605298.SH,SSE,王坚群
601399.SH,SSE,韩晓军
601137.SH,SSE,谢识才
603896.SH,SSE,李明焱
605336.SH,SSE,商若云
603605.SH,SSE,侯军呈
688660.SH,SSE,金孝龙
688216.SH,SSE,梁大钟
603861.SH,SSE,胡德兆
605389.SH,SSE,夏继发
603048.SH,SSE,俞黎明
603801.SH,SSE,孙志勇
601898.SH,SSE,王树东
603530.SH,SSE,马斌
603321.SH,SSE,钱雪林
688060.SH,SSE,高南
603863.SH,SSE,王壮鹏
601126.SH,SSE,高秀环
603012.SH,SSE,石良希
603689.SH,SSE,贾化斌
603087.SH,SSE,甘忠如
605167.SH,SSE,沈斌强
688595.SH,SSE,卢国建
688133.SH,SSE,张庆
605081.SH,SSE,何文辉
603020.SH,SSE,魏中浩
601007.SH,SSE,李茜
601231.SH,SSE,陈昌益
601668.SH,SSE,郑学选
605068.SH,SSE,庄君新
688670.SH,SSE,余军
601088.SH,SSE,王祥喜
601999.SH,SSE,杨建军
688383.SH,SSE,胡新荣
601918.SH,SSE,杨伯达
688033.SH,SSE,吴鹏
688258.SH,SSE,谢乾
603330.SH,SSE,李哲龙
601579.SH,SSE,虞伟强
688187.SH,SSE,李东林
603387.SH,SSE,苏恩本
603912.SH,SSE,何根林
688585.SH,SSE,蔡朝阳
688098.SH,SSE,聂东升
603378.SH,SSE,李金钟
601801.SH,SSE,吴文胜
688639.SH,SSE,郭恒华
601989.SH,SSE,王良
603392.SH,SSE,邱子欣
601200.SH,SSE,王瑟澜
688208.SH,SSE,李红京
603035.SH,SSE,罗小春
688159.SH,SSE,王慷
688317.SH,SSE,邵俊斌
603680.SH,SSE,俞金坤
688230.SH,SSE,欧新华
601216.SH,SSE,张海生
601633.SH,SSE,魏建军
603995.SH,SSE,虞纪群
601698.SH,SSE,李忠宝
688238.SH,SSE,潘讴东
603301.SH,SSE,鲁建国
688180.SH,SSE,熊俊
688628.SH,SSE,洪少俊
605007.SH,SSE,赵磊
603359.SH,SSE,章建良
688063.SH,SSE,韦在胜
688700.SH,SSE,刘建波
600917.SH,SSE,王颂秋
603989.SH,SSE,艾立华
688162.SH,SSE,林巨广
688377.SH,SSE,张利
603533.SH,SSE,成湘均
688037.SH,SSE,宗润福
603790.SH,SSE,谢兵
688103.SH,SSE,尹剑平
605266.SH,SSE,蓝波
600939.SH,SSE,魏福生
605178.SH,SSE,宫殿海
605128.SH,SSE,周建清
688139.SH,SSE,刘占杰
601299.SH,SSE,崔殿国
601618.SH,SSE,张孟星
600919.SH,SSE,夏平
601116.SH,SSE,陈念慈
601163.SH,SSE,丁木
601966.SH,SSE,王锋
601339.SH,SSE,杨卫新
688201.SH,SSE,李伟
603095.SH,SSE,孙剑华
601766.SH,SSE,孙永才
603199.SH,SSE,舒畅
601608.SH,SSE,俞章法
688105.SH,SSE,曹林
603236.SH,SSE,钱鹏鹤
603042.SH,SSE,杨位钢
688131.SH,SSE,郑保富
605003.SH,SSE,杨林山
603078.SH,SSE,殷福华
688246.SH,SSE,夏军
688466.SH,SSE,张慧春
688589.SH,SSE,贺臻
688167.SH,SSE,刘兴胜
688166.SH,SSE,袁建栋
688609.SH,SSE,詹启军
603569.SH,SSE,薄世久
603138.SH,SSE,闫忠文
603351.SH,SSE,吴仁荣
688580.SH,SSE,王志愚
688518.SH,SSE,韩金龙
601199.SH,SSE,华锋
600968.SH,SSE,朱磊
603003.SH,SSE,徐增增
600901.SH,SSE,熊先根
688202.SH,SSE,陈金章
603786.SH,SSE,柯桂华
603886.SH,SSE,张秀琬
605366.SH,SSE,纪金树
688558.SH,SSE,潘卫国
601718.SH,SSE,吴同兴
603115.SH,SSE,周小兵
688096.SH,SSE,李武林
601512.SH,SSE,赵志松
601179.SH,SSE,丁小林
601985.SH,SSE,卢铁忠
601599.SH,SSE,蒋国兴
603998.SH,SSE,周晓莉
601528.SH,SSE,章伟东
605388.SH,SSE,王均豪
688697.SH,SSE,程章文
688023.SH,SSE,吴卓群
603368.SH,SSE,朱朝阳
601616.SH,SSE,赵淑文
603355.SH,SSE,倪祖根
688186.SH,SSE,徐卫明
688113.SH,SSE,赵爱国
688070.SH,SSE,任斌
688182.SH,SSE,朱田中
603701.SH,SSE,秦迅阳
601106.SH,SSE,陆文俊
603022.SH,SSE,曹文洁
603488.SH,SSE,韩铁林
688553.SH,SSE,丁兆
603507.SH,SSE,胡震
601615.SH,SSE,张传卫
603157.SH,SSE,张鑫
603577.SH,SSE,刘锋
603311.SH,SSE,丁伊可
688568.SH,SSE,付琨
603167.SH,SSE,于新建
688226.SH,SSE,蒋文功
688329.SH,SSE,张银花
603489.SH,SSE,王清华
603131.SH,SSE,舒振宇
601611.SH,SSE,陈宝智
605365.SH,SSE,李江淮
603698.SH,SSE,姜从斌
603657.SH,SSE,陈正明
688256.SH,SSE,陈天石
603177.SH,SSE,金猛
603719.SH,SSE,杨红春
601500.SH,SSE,顾萃
605016.SH,SSE,禚洪建
603297.SH,SSE,毛磊
688126.SH,SSE,俞跃辉
688225.SH,SSE,陆光明
688161.SH,SSE,弓剑波
603053.SH,SSE,罗龙
688283.SH,SSE,张吉林
603015.SH,SSE,熊钰麟
688579.SH,SSE,李庆忠
603185.SH,SSE,杨建良
688366.SH,SSE,侯永泰
688606.SH,SSE,高飞
603711.SH,SSE,蒋建琪
603833.SH,SSE,姚良松
603788.SH,SSE,钱高法
603345.SH,SSE,刘鸣鸣
600023.SH,SSE,虞国平
603088.SH,SSE,郑良才
603302.SH,SSE,黄尚渭
603067.SH,SSE,蔡再华
688088.SH,SSE,邓晖
603697.SH,SSE,鹿有忠
603317.SH,SSE,邓文
688360.SH,SSE,卓序
603050.SH,SSE,张成锁
603708.SH,SSE,王培桓
603227.SH,SSE,康健
688608.SH,SSE,LIANG ZHANG
603650.SH,SSE,Zhang Ning
603322.SH,SSE,梁建华
603843.SH,SSE,金生光
601326.SH,SSE,曹子玉
605069.SH,SSE,张熠君
603798.SH,SSE,朱振华
688698.SH,SSE,胡智勇
688005.SH,SSE,白厚善
601798.SH,SSE,张玉福
601155.SH,SSE,王晓松
603818.SH,SSE,赵瑞海
603369.SH,SSE,周素明
601298.SH,SSE,苏建光
603261.SH,SSE,刘随阳
688168.SH,SSE,钟竹
603171.SH,SSE,张镇潮
688521.SH,SSE,戴伟民
603519.SH,SSE,蒋达伟
601606.SH,SSE,王本河
603887.SH,SSE,谢晓东
603505.SH,SSE,王锦华
688029.SH,SSE,隆晓辉
603908.SH,SSE,陆暾华
601206.SH,SSE,余剑伟
603031.SH,SSE,夏柱兵
600977.SH,SSE,焦宏奋
688696.SH,SSE,钟波
601100.SH,SSE,汪立平
688085.SH,SSE,徐农
601601.SH,SSE,孔庆伟
688379.SH,SSE,金李梅
603081.SH,SSE,丰华
605088.SH,SSE,周家儒
688191.SH,SSE,刘国永
605289.SH,SSE,孙凯君
603027.SH,SSE,伍超群
603871.SH,SSE,韩景华
603005.SH,SSE,王蔚
688529.SH,SSE,董德熙
605368.SH,SSE,陈启勇
688106.SH,SSE,金向华
600998.SH,SSE,刘长云
605337.SH,SSE,李国平
603656.SH,SSE,许大红
603727.SH,SSE,彭文成
603327.SH,SSE,张景忠
603529.SH,SSE,张剑
603668.SH,SSE,陈庆堂
603977.SH,SSE,董家辉
605338.SH,SSE,刘会平
603982.SH,SSE,潘龙泉
603810.SH,SSE,殷凤山
600933.SH,SSE,张建成
601899.SH,SSE,陈景河
605033.SH,SSE,张少武
688196.SH,SSE,叶活动
603279.SH,SSE,姜桂廷
601018.SH,SSE,毛剑宏
601678.SH,SSE,任元滨
688619.SH,SSE,江文涛
605268.SH,SSE,王跃斌
688248.SH,SSE,吴亦竹
688513.SH,SSE,王颖
688259.SH,SSE,YAOLONG TAN
605296.SH,SSE,何祖训
688097.SH,SSE,吕绍林
603778.SH,SSE,回全福
603277.SH,SSE,周俊杰
603258.SH,SSE,胡建平
603228.SH,SSE,刘绍柏
688189.SH,SSE,杨文逊
688277.SH,SSE,张送根
688302.SH,SSE,陈元伟
600955.SH,SSE,魏玉东
603915.SH,SSE,徐国忠
688176.SH,SSE,PAN KE
688233.SH,SSE,潘连胜
603106.SH,SSE,江浩然
688331.SH,SSE,王威东
603220.SH,SSE,李六兵
603398.SH,SSE,廖志远
688222.SH,SSE,李进
603838.SH,SSE,邓建华
603039.SH,SSE,韦利东
603256.SH,SSE,毛嘉明
601929.SH,SSE,王胜杰
603856.SH,SSE,倪奉尧
688178.SH,SSE,刘军
688520.SH,SSE,谢良志
603699.SH,SSE,王保庆
603717.SH,SSE,罗卫国
688076.SH,SSE,赵德毅
688221.SH,SSE,谢东
603221.SH,SSE,宋正兴
603129.SH,SSE,赖国贵
603757.SH,SSE,韩元富
605066.SH,SSE,高天乐
603926.SH,SSE,国宁
688075.SH,SSE,凌世生
688630.SH,SSE,程卓
605080.SH,SSE,夏永辉
605199.SH,SSE,刘景萍
688217.SH,SSE,熊慧
605050.SH,SSE,崔建华
603105.SH,SSE,张利忠
603083.SH,SSE,Gerald G Wong
688266.SH,SSE,盛泽林
603096.SH,SSE,陈明俊
688510.SH,SSE,严奇
605369.SH,SSE,施慧勇
688102.SH,SSE,王文斌
688171.SH,SSE,尹健
688026.SH,SSE,袁建华
605090.SH,SSE,张建国
688051.SH,SSE,李玮
688295.SH,SSE,张国良
688669.SH,SSE,陈钢
688633.SH,SSE,钱淑娟
601058.SH,SSE,袁仲雪
688151.SH,SSE,孙光幸
603288.SH,SSE,庞康
688299.SH,SSE,金亚东
688662.SH,SSE,刘富林
603019.SH,SSE,历军
688255.SH,SSE,侯润石
603025.SH,SSE,郑建军
603686.SH,SSE,张桂潮
603225.SH,SSE,庄耀中
605117.SH,SSE,张和君
603217.SH,SSE,刘修华
688062.SH,SSE,刘大涛
688538.SH,SSE,傅文彪
688019.SH,SSE,Shumin Wang
603085.SH,SSE,陈邦锐
603219.SH,SSE,王跃旦
601020.SH,SSE,刘良坤
600916.SH,SSE,陈雄伟
603682.SH,SSE,郁敏珺
605580.SH,SSE,余国旭
688508.SH,SSE,张立新
603709.SH,SSE,曹勇
603777.SH,SSE,郁瑞芬
688028.SH,SSE,陈继锋
603755.SH,SSE,张华君
688239.SH,SSE,张华
601225.SH,SSE,杨照乾
603706.SH,SSE,李明
603876.SH,SSE,周贤海
603043.SH,SSE,徐伟兵
688169.SH,SSE,昌敬
603313.SH,SSE,倪张根
603348.SH,SSE,唐杰雄
603602.SH,SSE,苏维锋
605299.SH,SSE,张维建
688578.SH,SSE,杜锦豪
603122.SH,SSE,王琼芝
603565.SH,SSE,卢宗俊
688110.SH,SSE,蒋学明
603126.SH,SSE,孟庆林
603815.SH,SSE,吴小辉
603860.SH,SSE,孟书涛
603390.SH,SSE,陈丽娜
603408.SH,SSE,吕理镇
603630.SH,SSE,吴桂谦
603809.SH,SSE,向朝东
688663.SH,SSE,何洪臣
688395.SH,SSE,涂从欢
601228.SH,SSE,李益波
603233.SH,SSE,柯云峰
603963.SH,SSE,杨君祥
605118.SH,SSE,吴富宝
603666.SH,SSE,姜杰
603958.SH,SSE,陈玉珍
605006.SH,SSE,高贵恒
603718.SH,SSE,张悦
603693.SH,SSE,徐国群
688661.SH,SSE,骆兴顺
688501.SH,SSE,王勇
688616.SH,SSE,宋毅然
603229.SH,SSE,郑志国
688190.SH,SSE,李晓雨
603816.SH,SSE,顾江生
688418.SH,SSE,吴闽华
603309.SH,SSE,韩广源
603208.SH,SSE,吴水根
688121.SH,SSE,张锦红
603030.SH,SSE,朱斌
603335.SH,SSE,赵瑞贞
603389.SH,SSE,高伟
688560.SH,SSE,闫洪嘉
601595.SH,SSE,王健儿
603936.SH,SSE,徐缓
688718.SH,SSE,谢建新
603996.SH,SSE,周庭坚
688220.SH,SSE,戴保家
603338.SH,SSE,许树根
688165.SH,SSE,许礼进
603983.SH,SSE,孙怀庆
603970.SH,SSE,苏毅
688175.SH,SSE,冯志峰
603187.SH,SSE,邵伟
603315.SH,SSE,石鹏
688596.SH,SSE,YU DONG LEI
688195.SH,SSE,余洪瑞
603021.SH,SSE,胡磊
603188.SH,SSE,许芸霞
603132.SH,SSE,刘勇
605169.SH,SSE,刘洪兵
603239.SH,SSE,李起富
603766.SH,SSE,涂建华
603040.SH,SSE,徐纳
688586.SH,SSE,宋祖铭
603150.SH,SSE,时乾中
603266.SH,SSE,胡建立
603967.SH,SSE,李松青
600989.SH,SSE,刘元管
603556.SH,SSE,周良璋
605028.SH,SSE,李立峰
688588.SH,SSE,张宝泉
605228.SH,SSE,方立锋
688788.SH,SSE,刘建德
603060.SH,SSE,马振珠
605018.SH,SSE,王长土
688369.SH,SSE,徐石
603108.SH,SSE,赵伟东
601949.SH,SSE,黄志坚
688270.SH,SSE,张兵
603385.SH,SSE,王惠文
601156.SH,SSE,冯德华
605166.SH,SSE,傅昌宝
603933.SH,SSE,杨维坚
603486.SH,SSE,庄建华
601868.SH,SSE,宋海良
603300.SH,SSE,胡丹锋
601226.SH,SSE,文端超
688300.SH,SSE,李晓冬
603028.SH,SSE,沈生泉
603616.SH,SSE,田玉波
688737.SH,SSE,陈启章
603059.SH,SSE,张文生
601138.SH,SSE,李军旗
601016.SH,SSE,刘斌
688767.SH,SSE,陈音龙
603776.SH,SSE,孙继胜
603687.SH,SSE,方能斌
603789.SH,SSE,郑斌
601865.SH,SSE,阮洪良
603690.SH,SSE,蒋渊
603396.SH,SSE,李义升
601636.SH,SSE,姚培武
603051.SH,SSE,汪加胜
688339.SH,SSE,张国强
603218.SH,SSE,傅明康
603991.SH,SSE,施君
601882.SH,SSE,张静章
603029.SH,SSE,王新亭
603101.SH,SSE,朱翔
603421.SH,SSE,曾繁忆
688569.SH,SSE,韩自力
605300.SH,SSE,柳新荣
688211.SH,SSE,李功燕
688107.SH,SSE,马玉川
605008.SH,SSE,张向东
603603.SH,SSE,赵笠钧
688115.SH,SSE,周茂林
603388.SH,SSE,祝昌人
603363.SH,SSE,吴有林
603128.SH,SSE,向宏
603055.SH,SSE,施清岛
603600.SH,SSE,张加勇
603986.SH,SSE,何卫
688039.SH,SSE,孙彦龙
688707.SH,SSE,侯乔坤
688212.SH,SSE,顾康
603599.SH,SSE,黄金祥
603939.SH,SSE,高毅
603127.SH,SSE,冯宇霞
601068.SH,SSE,李宜华
601127.SH,SSE,张正萍
688282.SH,SSE,汪渤
601969.SH,SSE,刘明东
603638.SH,SSE,宋飞
603010.SH,SSE,高献国
688235.SH,SSE,欧雷强
603949.SH,SSE,贺财霖
688286.SH,SSE,李刚
688056.SH,SSE,胡克
601011.SH,SSE,焦云
603399.SH,SSE,杨峰
603661.SH,SSE,王江林
601669.SH,SSE,丁焰章
688598.SH,SSE,王冰泉
603366.SH,SSE,徐新建
605218.SH,SSE,渡边庸一
603950.SH,SSE,李佐元
603230.SH,SSE,秦建平
603617.SH,SSE,张阿华
688082.SH,SSE,HUI WANG
688179.SH,SSE,徐久振
601860.SH,SSE,赵远宽
603726.SH,SSE,高炎康
605020.SH,SSE,童建国
603116.SH,SSE,钱金波
688315.SH,SSE,李瑞强
603566.SH,SSE,张许科
601388.SH,SSE,刘凯珉
603730.SH,SSE,姜银台
603583.SH,SSE,胡仁昌
603878.SH,SSE,朱国良
601330.SH,SSE,乔德卫
601279.SH,SSE,林启彬
603089.SH,SSE,郑念辉
603324.SH,SSE,张伟明
601828.SH,SSE,车建兴
603306.SH,SSE,袁晋清
688016.SH,SSE,彭博
603985.SH,SSE,承立新
603869.SH,SSE,张亚东
603080.SH,SSE,陈志龙
603587.SH,SSE,马瑞敏
605099.SH,SSE,王强翔
601869.SH,SSE,马杰
605188.SH,SSE,胡金根
603580.SH,SSE,涂木林
688276.SH,SSE,马骥
601069.SH,SSE,何建璋
603016.SH,SSE,赵敏海
605577.SH,SSE,李久军
605136.SH,SSE,黄韬
603223.SH,SSE,李洪波
688701.SH,SSE,卓未龙
603535.SH,SSE,段容文
603997.SH,SSE,王义平
603086.SH,SSE,王现全
603477.SH,SSE,贺正刚
601858.SH,SSE,林鹏
603828.SH,SSE,顾益明
603336.SH,SSE,黄俊辉
603198.SH,SSE,倪永培
603825.SH,SSE,苏同
688109.SH,SSE,莫绪军
688163.SH,SSE,范志和
603011.SH,SSE,严建文
688516.SH,SSE,葛志勇
688468.SH,SSE,李临
601015.SH,SSE,李保平
688499.SH,SSE,周俊雄
603817.SH,SSE,陈宏景
688032.SH,SSE,邵建雄
603880.SH,SSE,李平
603189.SH,SSE,冯达
603066.SH,SSE,刘子力
605277.SH,SSE,赵战兵
688533.SH,SSE,周建明
603160.SH,SSE,张帆
603496.SH,SSE,沈振宇
603759.SH,SSE,费俊杰
603358.SH,SSE,陈竞宏
688206.SH,SSE,刘志宏
688227.SH,SSE,黄海
688177.SH,SSE,易贤忠
688004.SH,SSE,郭忠武
688048.SH,SSE,闵大勇
688766.SH,SSE,王楠
603033.SH,SSE,叶继跃
603992.SH,SSE,周华松
603555.SH,SSE,林思萍
688296.SH,SSE,郭军
601965.SH,SSE,李开国
603806.SH,SSE,林建华
603037.SH,SSE,杨建刚
603819.SH,SSE,陈猛
688228.SH,SSE,汪敏
605507.SH,SSE,邱家军
605009.SH,SSE,李志彪
605089.SH,SSE,夏靖
603867.SH,SSE,胡健
603598.SH,SSE,罗衍记
603305.SH,SSE,徐旭东
603506.SH,SSE,韩芳
603186.SH,SSE,刘涛
605287.SH,SSE,叶德才
688003.SH,SSE,徐一华
688676.SH,SSE,李辉
603567.SH,SSE,方同华
603882.SH,SSE,梁耀铭
603161.SH,SSE,陈洪民
601890.SH,SSE,陶安祥
605333.SH,SSE,成三荣
605056.SH,SSE,王来兴
605500.SH,SSE,林启军
603688.SH,SSE,陈士斌
603648.SH,SSE,徐峰
688095.SH,SSE,熊雨前
603100.SH,SSE,吴朋
603685.SH,SSE,何文健
603038.SH,SSE,谭洪汝
688173.SH,SSE,陶海
603518.SH,SSE,王致勤
688018.SH,SSE,TEO SWEE ANN
603678.SH,SSE,蔡明通
603268.SH,SSE,卢堃
603383.SH,SSE,严孟宇
603070.SH,SSE,木晓东
603768.SH,SSE,吴应宏
601619.SH,SSE,陈波
603979.SH,SSE,王青海
603045.SH,SSE,王达武
688688.SH,SSE,井贤栋
603881.SH,SSE,罗岚
688565.SH,SSE,沈万中
603703.SH,SSE,叶利明
688049.SH,SSE,ZHOU ZHENYU
603328.SH,SSE,霞晖
601258.SH,SSE,黄继宏
688158.SH,SSE,季昕华
603278.SH,SSE,窦勇
688077.SH,SSE,熊永飞
603662.SH,SSE,柯建东
601368.SH,SSE,黄东海
603007.SH,SSE,贺伟涛
603608.SH,SSE,李林
688621.SH,SSE,刘宇晶
688022.SH,SSE,蔡昌蔚
605186.SH,SSE,戴建伟
688059.SH,SSE,肖旭凯
600996.SH,SSE,李巍
603722.SH,SSE,朱学军
688269.SH,SSE,张之翔
688699.SH,SSE,王乐康
603773.SH,SSE,易伟华
688267.SH,SSE,李进
600936.SH,SSE,谢向阳
605168.SH,SSE,钱俊冬
603353.SH,SSE,赵忠
600903.SH,SSE,洪鸣
603001.SH,SSE,王振滔
603955.SH,SSE,许峰
688261.SH,SSE,龚轶
603909.SH,SSE,庄跃凯
688345.SH,SSE,张志平
688192.SH,SSE,张小林
688519.SH,SSE,包秀银
688777.SH,SSE,CUI SHAN
603579.SH,SSE,林琪
603619.SH,SSE,李春第
603738.SH,SSE,喻信东
603601.SH,SSE,郭茂
605122.SH,SSE,李德志
603214.SH,SSE,施琼
688555.SH,SSE,林应
603716.SH,SSE,温伟
603613.SH,SSE,刘泉
603041.SH,SSE,孙宇
603659.SH,SSE,梁丰
603318.SH,SSE,尚智勇
603665.SH,SSE,张间芳
603901.SH,SSE,罗邦毅
688210.SH,SSE,杨虎
603099.SH,SSE,王昆
601366.SH,SSE,徐恭藻
688080.SH,SSE,李明
603166.SH,SSE,黎福超
603090.SH,SSE,钮法清
603920.SH,SSE,佘英杰
603017.SH,SSE,冯正功
600929.SH,SSE,冯传良
603299.SH,SSE,吴旭峰
688036.SH,SSE,竺兆江
605162.SH,SSE,谢百军
603071.SH,SSE,钟国栋
603676.SH,SSE,张勇
688690.SH,SSE,江必旺
688800.SH,SSE,吴世均
603283.SH,SSE,孙丰
688128.SH,SSE,秦汉军
603209.SH,SSE,陈兴明
603883.SH,SSE,谢子龙
603618.SH,SSE,华建飞
601162.SH,SSE,余磊
601998.SH,SSE,朱鹤新
601229.SH,SSE,金煜
601009.SH,SSE,胡升荣
688323.SH,SSE,汤昌丹
603000.SH,SSE,叶蓁蓁
603959.SH,SSE,王海荣
601665.SH,SSE,黄家栋
601169.SH,SSE,张东宁
603093.SH,SSE,罗旭峰
600909.SH,SSE,章宏韬
603195.SH,SSE,阮立平
601827.SH,SSE,雷钦平
601113.SH,SSE,丁军民
601878.SH,SSE,吴承根
688590.SH,SSE,郭玮
688071.SH,SSE,励寅
601881.SH,SSE,陈共炎
603948.SH,SSE,冯烈
605208.SH,SSE,徐宏
601696.SH,SSE,宁敏
603308.SH,SSE,杜应流
601236.SH,SSE,沈春晖
603968.SH,SSE,庆九
603133.SH,SSE,徐世中
603836.SH,SSE,唐海
605098.SH,SSE,李践
603326.SH,SSE,NINA YANTI MIAO
605599.SH,SSE,赵志良
603558.SH,SSE,张茂义
603159.SH,SSE,孙林
603079.SH,SSE,洪爱
601186.SH,SSE,汪建平
688101.SH,SSE,蓝伟光
603660.SH,SSE,陈冬根
603520.SH,SSE,胡锦生
603536.SH,SSE,惠增玉
603379.SH,SSE,胡淇翔
603212.SH,SSE,吴小平
688358.SH,SSE,莫善珏
688030.SH,SSE,罗东平
603008.SH,SSE,陈阿裕
688093.SH,SSE,顾正青
601008.SH,SSE,丁锐
688265.SH,SSE,费俭
603232.SH,SSE,孔令钢
603183.SH,SSE,吴小翔
605319.SH,SSE,钱犇
688365.SH,SSE,谭光华
688150.SH,SSE,王亚龙
605222.SH,SSE,周桂华
605123.SH,SSE,是玉丰
603380.SH,SSE,钱新栋
603888.SH,SSE,刘健
601111.SH,SSE,宋志勇
601686.SH,SSE,李茂津
605588.SH,SSE,张建巍
688013.SH,SSE,陈望宇
688199.SH,SSE,赵国锋
688656.SH,SSE,JOHN LI
688488.SH,SSE,傅和亮
688116.SH,SSE,郑涛
605108.SH,SSE,沈基水
688257.SH,SSE,吴何洪
688601.SH,SSE,袁敏民
688001.SH,SSE,陈文源
603922.SH,SSE,洪建沧
688065.SH,SSE,刘修才
601600.SH,SSE,刘建平
688262.SH,SSE,郑茳
603155.SH,SSE,初亚军
688626.SH,SSE,何永正
603839.SH,SSE,郑安政
603797.SH,SSE,黄建勲
688083.SH,SSE,杜玉林
688017.SH,SSE,左昱昱
603990.SH,SSE,翁康
601900.SH,SSE,谭君铁
688207.SH,SSE,赵勇
600906.SH,SSE,翟建强
601990.SH,SSE,李剑锋
600918.SH,SSE,李峰
688685.SH,SSE,张友志
688355.SH,SSE,吴勤芳
603102.SH,SSE,刘新力
688009.SH,SSE,周志亮
603118.SH,SSE,汪大维
601515.SH,SSE,黄晓佳
603260.SH,SSE,罗立国
603416.SH,SSE,李新
605155.SH,SSE,柳庆华
603707.SH,SSE,唐咏群
603713.SH,SSE,陈银河
603329.SH,SSE,孙望平
688313.SH,SSE,葛海泉
688311.SH,SSE,刘荣
688681.SH,SSE,徐丙垠
688668.SH,SSE,王成海
603103.SH,SSE,徐天福
603213.SH,SSE,王时良
603013.SH,SSE,姜林
688038.SH,SSE,王开学
603988.SH,SSE,王建裕
603767.SH,SSE,吴江
601086.SH,SSE,张国芳
601019.SH,SSE,张志华
603006.SH,SSE,徐涛明
688728.SH,SSE,赵立新
688260.SH,SSE,王宾
688567.SH,SSE,王瑀
603669.SH,SSE,陶灵萍
603528.SH,SSE,章安强
603868.SH,SSE,李丐腾
601921.SH,SSE,鲍洪俊
688819.SH,SSE,杨建芬
688087.SH,SSE,刘方毅
603393.SH,SSE,张蜀
603009.SH,SSE,靳坤
688197.SH,SSE,李文军
688236.SH,SSE,史春宝
603739.SH,SSE,黄炳亮
603056.SH,SSE,崔维星
688079.SH,SSE,葛文志
600959.SH,SSE,姜龙
603216.SH,SSE,余静渊
688500.SH,SSE,赵龙
603365.SH,SSE,李裕陆
603215.SH,SSE,闻继望
603196.SH,SSE,王卫东
603859.SH,SSE,祖军
